{"Labels": {"_type": "images/separated", "width": 1600, "height": 1600, "format": "jpg", "count": 2, "captions": ["labels.jpg", "labels_correlogram.jpg"]}, "train/box_loss": 0.08586994558572769, "train/obj_loss": 0.11169462651014328, "train/cls_loss": 0.0916425883769989, "metrics/precision": 0.0, "metrics/recall": 0.0, "metrics/mAP_0.5": 0.0, "metrics/mAP_0.5:0.95": 0.0, "val/box_loss": 0.10275987535715103, "val/obj_loss": 0.09046877175569534, "val/cls_loss": 0.08610916137695312, "x/lr0": 7.000000000000001e-05, "x/lr1": 7.000000000000001e-05, "x/lr2": 0.09937, "_runtime": 82, "_timestamp": 1635698132, "_step": 0, "_wandb": {"runtime": 117}}