{"Labels": {"_type": "images/separated", "width": 1600, "height": 1600, "format": "jpg", "count": 2, "captions": ["labels.jpg", "labels_correlogram.jpg"]}, "train/box_loss": 0.07960434257984161, "train/obj_loss": 0.09058114886283875, "train/cls_loss": 0.08015602082014084, "metrics/precision": 0.0, "metrics/recall": 0.0, "metrics/mAP_0.5": 0.0, "metrics/mAP_0.5:0.95": 0.0, "val/box_loss": 0.10204261541366577, "val/obj_loss": 0.09637732803821564, "val/cls_loss": 0.08559919148683548, "x/lr0": 0.0003899507335281948, "x/lr1": 0.0003899507335281948, "x/lr2": 0.0964899507335282, "_runtime": 38, "_timestamp": 1635701590, "_step": 4, "Mosaics": {"_type": "images/separated", "width": 640, "height": 640, "format": "jpg", "count": 3, "captions": ["train_batch0.jpg", "train_batch1.jpg", "train_batch2.jpg"]}, "_wandb": {"runtime": 40}}